,Unnamed: 0,Country,City,Latitude,Longitude,Temperature (F),Humidity (%),Cloudiness (%),Wind Speed (mph)
0,147,am,agarak,39.2038889,46.5472222,57.34,40,24,3.83
1,702,at,radstadt,47.383333,13.45,24.8,79,75,3.36
2,730,at,seewalchen,47.95,13.583332999999998,24.8,79,75,3.36
3,737,at,strasshof,48.316667,16.666667,,,,
4,746,at,trofaiach,47.416667,15.0,24.8,79,36,2.24
5,917,au,parkes,-33.137199,148.175903,77.23,49,32,15.68
6,1088,ba,donja mahala,45.0469444,18.6663889,39.2,100,75,8.05
7,1212,ba,stupari,44.3147222,18.6841667,28.4,100,90,4.7
8,1265,bd,abhaynagar,23.0166667,89.4666667,93.07,47,0,7.52
9,1271,bd,bera,24.0833333,89.6166667,88.21,50,0,5.28
10,1272,bd,bhairab bazar,24.0666667,90.9666667,89.6,46,0,4.38
11,1293,bd,ishurdi,24.1333333,89.08333329999998,88.21,67,0,4.16
12,1378,be,aywaille,50.466667,5.666667,30.2,92,75,4.7
13,1397,be,bernissart,50.466667,3.633333,32,88,64,3.36
14,1482,be,eghezee,50.6,4.9,32,80,90,1.12
15,1515,be,gent,51.05,3.716667,32,92,90,1.12
16,1521,be,glabbeek,50.866667,4.95,32,86,75,2.24
17,1595,be,kortenberg,50.883333,4.533333,32,86,75,3.38
18,1630,be,lochristi,51.1,3.833333,32,92,90,1.12
19,1656,be,merelbeke,51.0,3.75,32,91,80,3.36
20,1701,be,oud-turnhout,51.316667,4.983333,32,100,90,2.24
21,1864,bf,gaoua,10.2991667,-3.2508333,73.09,92,56,7.18
22,1873,bf,kombissiri,12.0655556,-1.3375,87.8,52,20,9.17
23,1950,bg,galabovo,42.1333333,25.85,37.54,100,88,4.61
24,2054,bg,sevlievo,43.0258333,25.1136111,32,83,92,4.7
25,2102,bi,bururi,-3.9511111,29.616666700000003,71.56,100,48,2.71
26,2113,bi,ngozi,-2.9083333,29.8277778,63.01,99,80,3.27
27,2365,br,araguari,-18.633333,-48.18333300000001,73.4,73,0,8.05
28,2389,br,areia branca,-10.766667,-37.316667,80.6,78,40,10.29
29,2420,br,bage,-31.333333000000003,-54.1,54.55,78,0,9.08
30,2441,br,barra do bugres,-15.083332999999998,-57.183333,73,97,68,1.59
31,2499,br,boca da mata,-9.6,-36.25,75.2,88,0,3.36
32,2674,br,carazinho,-28.3,-52.8,56.98,99,44,5.61
33,2681,br,carire,-3.95,-40.45,72.91,94,24,5.17
34,2688,br,carmo do rio claro,-20.966667,-46.116667,66.79,100,76,3.15
35,2868,br,espirito santo do pinhal,-22.2,-46.75,66.88,92,20,3.38
36,2925,br,general salgado,-20.65,-50.366667,76.87,81,68,2.15
37,2930,br,gloria do goita,-8.016667,-35.283333,80.6,74,20,5.82
38,3131,br,itapuranga,-15.583332999999998,-49.983333,69.94,93,56,2.71
39,3133,br,itaqui,-29.133333,-56.55,58.15,88,0,4.72
40,3193,br,jaragua,-15.75,-49.333333,68,94,40,2.24
41,3235,br,junqueiropolis,-21.533333,-51.43333300000001,74.08,84,8,2.71
42,3250,br,lagoa formosa,-18.783333,-46.4,65.26,98,20,3.04
43,3358,br,massape,-3.516667,-40.316667,,,,
44,3758,br,queimados,-22.722897,-43.556316,80.6,74,75,14.99
45,3866,br,santa isabel,-23.3158,-46.2241,68,100,75,4.7
46,4235,br,vassouras,-22.406111,-43.664167,80.6,74,75,14.99
47,4269,br,xaxim,-26.933333,-52.51666700000001,65.89,99,48,2.93
48,4307,bw,gabane,-24.6666667,25.7822222,71.6,68,0,8.05
49,4525,ca,charlottetown,46.233333,-63.13333299999999,24.8,68,5,6.93
50,4549,ca,cookshire,45.416667,-71.616667,,,,
51,4626,ca,gaspe,48.833333,-64.483333,28.4,58,5,6.93
52,4920,ca,rosetown,51.55,-107.983333,10.81,61,20,4.16
53,4967,ca,saint quentin,47.5,-67.383333,,,,
54,5201,cf,alindao,5.0333333,21.2166667,71.83,88,88,4.94
55,5259,ch,aarau,47.389616,8.052354,32,86,75,11.41
56,5274,ch,arth,47.06337,8.523485,30.2,86,75,1.12
57,5487,ch,schubelbach,47.173785,8.927866999999997,32,86,90,4.7
58,5512,ch,trimbach,47.365605,7.886797,32,86,75,11.41
59,5541,ch,winterthur,47.500035,8.7251,32,86,90,4.7
60,5562,ci,agboville,5.92801,-4.213186,72.46,94,0,2.93
61,5563,ci,agnibilekrou,7.131132000000001,-3.2041470000000003,72.82,96,0,5.73
62,5723,cl,vilcun,-38.65,-72.233333,36.82,77,0,2.26
63,5777,cm,melong,5.1166667000000015,9.95,60.76,91,36,2.82
64,5798,cm,tchollire,8.4,14.1666667,83.71,53,100,3.38
65,5842,cn,beibei,29.825556,106.433889,69.8,52,40,6.71
66,5889,cn,daan,29.382222,106.015,62.29,51,24,2.93
67,5934,cn,duyun,26.266667,107.516667,50.23,70,92,4.83
68,6092,cn,jinxi,40.764317,120.85327,55.09,78,8,7.63
69,6112,cn,keshan,48.066667,125.9,,,,
70,6337,cn,suining,30.508017,105.573324,65.89,75,48,8.08
71,6344,cn,taian,36.185278,117.12,,,,
72,6390,cn,wuchang,44.914282,127.150007,31.78,93,0,3.15
73,6506,cn,yunhe,34.311389,117.950278,53.56,53,0,3.94
74,6702,co,caracoli,6.409196,-74.757153,77.59,100,92,6.4
75,6860,co,florencia,1.614382,-75.606229,64.54,98,36,2.48
76,6894,co,giraldo,6.683056,-75.98916700000002,61.48,96,68,2.04
77,7563,cr,atenas,9.978058,-84.380319,69.8,68,40,11.41
78,7688,cu,colombia,20.988055600000006,-77.4297222,73.4,88,20,3.36
79,7696,cu,cumanayagua,22.1494444,-80.20222220000002,69.8,100,0,4.7
80,7732,cu,minas,21.4833333,-77.6166667,73.4,88,20,3.36
81,7754,cu,san antonio de los banos,22.8911111,-82.4991667,68,100,20,1.12
82,7795,cy,empa,34.8083333,32.425,,,,
83,7844,cz,boskovice,49.490899,16.659172,28.4,79,75,11.41
84,7877,cz,ceska lipa,50.686736,14.538125,26.6,79,0,6.93
85,8166,cz,nydek,49.659767,18.763336,28.4,86,75,10.29
86,8198,cz,plana,49.867527,12.74151,26.6,79,20,2.24
87,8398,cz,vratimov,49.768571,18.315002,28.4,86,75,10.29
88,8484,de,bad aibling,47.866667,12.0,28.4,79,75,6.93
89,8562,de,baunatal,51.25,9.416667,23,85,20,3.36
90,8699,de,delbruck,51.766667,8.566667,24.8,85,0,4.7
91,8757,de,eichenau,48.166667,11.316667,28.4,100,75,8.05
92,8822,de,finnentrop,51.166667,7.966667,24.8,85,0,6.93
93,8870,de,garching,48.25,11.65,,,,
94,8938,de,guben,51.95,14.716667,21.16,76,0,6.29
95,9046,de,hosbach,50.0,9.2,30.2,79,0,3.36
96,9148,de,kummersbruck,49.419167,11.888333,24.8,92,1,9.08
97,9204,de,leutkirch,47.825,10.016667,32,92,75,10.29
98,9251,de,lunen,51.616667,7.516667,28.4,85,0,6.93
99,9379,de,niederkruchten,51.2,6.216667,32,92,90,5.82
100,9381,de,niederzier,50.883333,6.466667,30.2,86,40,8.05
101,9524,de,rheinau,48.866667,8.2,28.4,100,0,6.93
102,9623,de,schwarzenbach,50.216667,11.933333,26.6,79,1,5.73
103,9676,de,starnberg,48.0,11.35,28.4,100,75,8.05
104,9754,de,usingen,50.333333,8.533333,30.2,63,1,6.93
105,9790,de,waldbrol,50.883333,7.616667,26.6,79,0,1.12
106,9792,de,waldkirchen,48.733333,13.6,21.2,79,20,2.24
107,10108,dk,rodby,54.694952,11.38885,32.59,98,36,13.44
108,10289,dz,tazmalt,36.3872222,4.4016667,44.6,100,75,11.41
109,10452,ee,kilingi-nomme,58.15027779999999,24.9641667,19.4,67,0,5.82
110,10469,ee,kuusalu,59.4438889,25.4413889,19.4,62,0,4.7
111,10492,ee,olustvere,58.55361110000001,25.562777800000006,19.4,67,0,5.82
112,10591,eg,benha,30.4608333,31.1875,,,,
113,10856,es,la linea,36.168024,-5.347195,,,,
114,10970,es,pilas,37.303373,-6.300969,42.8,73,0,6.93
115,11069,es,torello,42.048215,2.263955,32,74,20,1.12
116,11078,es,torrevieja,37.978718,-0.682222,44.6,42,0,9.17
117,11088,es,valdemoro,40.189007,-3.675662,37.4,55,0,10.29
118,11106,es,villanueva de la serena,38.97655200000001,-5.797398,27.91,77,0,2.71
119,11116,es,zaragoza,41.64531,-0.884861,37.4,59,0,24.16
120,11298,fi,tornio,65.85,24.183333,5,84,0,1.12
121,11376,fr,auch,43.645401,0.587933,33.8,80,0,11.41
122,11411,fr,bergerac,44.852547,0.484862,30.2,80,0,4.7
123,11467,fr,canteleu,49.440654,1.024586,33.8,92,80,2.24
124,11531,fr,colomiers,43.613709,1.334631,33.8,74,0,12.75
125,11588,fr,eragny,49.016667,2.1,33.8,100,20,9.17
126,11647,fr,graulhet,43.762838,1.988349,35.6,74,0,12.75
127,11689,fr,joinville-le-pont,48.82538,2.474576,33.8,89,75,6.93
128,11728,fr,le chambon-feugerolles,45.396887,4.325923,33.8,79,40,10.29
129,11803,fr,marmande,44.500371,0.16546,33.8,80,0,4.7
130,11873,fr,neuilly-sur-seine,48.883333,2.266667,33.8,89,75,6.93
131,11972,fr,romilly-sur-seine,48.510852,3.726338,30.2,74,0,8.05
132,12041,fr,saint-priest,45.696125,4.938915,33.8,64,0,21.92
133,12067,fr,selestat,48.259323,7.454285,28.4,86,0,6.93
134,12301,gb,bentley,53.533333,-1.15,32,82,0,5.82
135,12343,gb,bridgend,51.505833,-3.577222,33.8,86,12,5.82
136,12675,gb,kingussie,57.083333,-4.05,41,75,20,23.04
137,12765,gb,maud,57.51666700000001,-2.1,35.6,69,24,4.7
138,13088,ge,didi lilo,41.7363889,44.9658333,55.4,62,40,39.15
139,13170,gh,berekum,7.45,-2.5833333,72.64,96,8,7.63
140,13201,gh,salaga,8.55,-0.5166667,78.49,87,12,8.75
141,13287,gn,tougue,11.45,-11.6833333,68.95,64,36,3.38
142,13290,gp,anse-bertrand,16.466666699999998,-61.5,77,78,0,8.05
143,13453,gr,athira,40.8252778,22.5833333,,,,
144,13488,gr,ayios nikolaos,40.25,23.7,53.6,87,0,3.49
145,13510,gr,doliana,39.9019444,20.5794444,57.2,100,90,1.25
146,13686,gr,karpokhorion,39.3333333,22.0166667,42.8,87,20,4.7
147,13709,gr,kato skholarion,40.4333333,23.0333333,55.4,47,20,8.05
148,13761,gr,kimmeria,41.15,24.9333333,51.8,87,40,8.05
149,13821,gr,krionerion,40.8166667,23.2833333,,,,
150,14229,gr,sinarades,39.5647222,19.8458333,57.2,87,90,18.34
151,14438,gt,chinautla,14.708332999999998,-90.499444,68,56,0,9.17
152,14459,gt,cunen,15.3375,-91.026944,56.17,92,76,1.14
153,14538,gt,pachalum,14.924722,-90.662778,68,56,0,9.17
154,14543,gt,panajachel,14.733332999999998,-91.15,68,56,0,9.17
155,14552,gt,petapa,14.502778,-90.551667,68,56,0,9.17
156,14612,gt,san jose,16.983333,-89.9,75.52,76,36,4.5
157,14856,hn,el guapinol,13.766666699999998,-87.4666667,77,68,0,0.92
158,15087,hn,punta ocote,15.2,-87.2833333,61.3,73,20,1.59
159,15450,hu,buj,48.1,21.65,12.97,60,48,3.27
160,15553,hu,felsotarkany,47.966667,20.416667,21.16,82,12,2.37
161,15625,hu,heviz,46.788778,17.183332999999998,30.2,63,0,14.99
162,15741,hu,labatlan,47.74735,18.496226,30.2,92,75,3.36
163,15875,hu,opalyi,47.997712,22.32617,24.8,92,75,3.36
164,15889,hu,pakozd,47.213694,18.533055,30.2,92,75,3.36
165,15890,hu,paks,46.62648,18.859624,28.27,96,88,7.63
166,15906,hu,per,47.611528,17.806317,26.6,79,0,4.7
167,15933,hu,pusztavam,47.429478,18.22648,26.6,79,0,4.7
168,15998,hu,szalkszentmarton,46.975654,19.011775,30.2,92,75,3.36
169,16015,hu,szentendre,47.664712,19.068063,30.2,92,75,3.36
170,16131,hu,vac,47.780715,19.131006,30.2,92,75,3.36
171,16143,hu,vecses,47.407047,19.286483,30.2,92,75,3.36
172,16236,id,cibitung,-6.272222,107.103611,79.93,81,48,8.97
173,16244,id,ciledug,-6.9142,108.7343,,,,
174,16276,id,gamping,-7.783333,110.316667,86.59,91,20,16.69
175,16369,id,madiun,-7.6298,111.5239,82.36,77,32,5.17
176,16471,id,rantauprapat,2.1,99.833333,83.89,77,44,2.82
177,16487,id,serpong,-6.316944,106.664167,84.2,74,40,21.92
178,16546,id,teluknaga,-6.065,106.644167,84.2,74,40,21.92
179,16668,ie,laytown,53.6819444,-6.2391667,32,100,75,5.82
180,16708,ie,rush,53.52472220000001,-6.1097222,,,,
181,17035,in,baghpat,28.95,77.216667,84.2,32,40,4.7
182,17322,in,bodh gaya,24.7,84.983333,91.4,29,12,11.41
183,17420,in,chhatapur,26.216667,87.016667,94.06,34,0,2.37
184,17795,in,gundlupet,11.8,76.68333299999998,87.76,49,0,4.16
185,18019,in,jharia,23.75,86.4,93.07,33,0,2.93
186,18158,in,karrapur,23.95,78.85,87.67,46,48,5.28
187,18227,in,khapa,21.433333,78.966667,93.2,32,0,4.7
188,18239,in,kharod,21.75,82.56666700000002,90.01,31,0,9.64
189,18329,in,kotaparh,19.15,82.35,93.52,35,0,6.4
190,18478,in,mahemdavad,22.833333,72.766667,84.2,45,0,5.82
191,18530,in,manali,13.166667000000002,80.266667,13.33,87,68,0.92
192,18650,in,mormugao,15.4,73.8,,,,
193,18690,in,mursan,27.583333000000003,77.93333299999998,84.79,57,0,3.94
194,18754,in,nandyal,15.483332999999998,78.483333,95.86,29,0,4.05
195,18773,in,narayanavanam,13.416667000000002,79.583333,91,51,0,6.4
196,18841,in,nohar,29.183333,74.766667,69.67,73,36,0.47
197,19069,in,puranpur,28.516667,80.15,88.03,30,0,3.6
198,19178,in,ranir bazar,23.833333,91.366667,89.6,46,0,4.38
199,19190,in,raver,21.25,76.033333,92.26,31,0,5.28
200,19194,in,rayachoti,14.05,78.75,92.17,36,0,4.27
201,19316,in,sarka ghat,31.7,76.733333,54.46,98,88,2.93
202,19446,in,sirkali,11.233333,79.733333,,,,
203,19522,in,sundargarh,22.116667,84.033333,94.6,30,0,5.39
204,19527,in,surandai,8.966667,77.4,89.56,61,0,2.37
205,19573,in,teghra,25.483333,85.95,91.81,40,0,4.38
206,19822,iq,kifri,34.6913889,44.9608333,70.66,40,0,4.27
207,19832,ir,abhar,36.1468,49.218,60.94,26,8,4.16
208,19902,ir,jahrom,28.5024,53.5534,,,,
209,19948,ir,omidiyeh,30.7458,49.7087,75.2,33,0,4.7
210,19985,ir,shahreza,32.0089,51.8668,58.06,30,0,3.6
211,19987,ir,shahrud,36.418189,54.976282,55,75,0,3.38
212,20092,it,arona,45.766667,8.566667,42.8,93,0,4.7
213,20155,it,borgomanero,45.7,8.466667,42.8,93,75,4.7
214,20483,it,grottaferrata,41.783333,12.666667,46.4,87,75,11.41
215,20526,it,lavello,41.05,15.8,44.6,93,90,3.36
216,20591,it,massafra,40.591944,17.115278,55.4,100,40,8.05
217,20663,it,montesarchio,41.066667,14.633333,51.8,66,40,8.05
218,20666,it,montespertoli,43.633333,11.066667,44.6,60,75,14.99
219,20684,it,narni,42.516667,12.516667,44.6,69,20,21.92
220,20975,it,selargius,39.256667,9.1675,48.2,87,20,4.7
221,20976,it,selvazzano dentro,45.383333,11.783333,41,69,0,3.36
222,21182,jo,irbid,32.555556,35.85,64.4,38,0,2.82
223,21368,jp,imabari,34.066666999999995,132.966667,,,,
224,21522,jp,kudamatsu,34.0,131.866667,48.2,93,75,4.7
225,21629,jp,namioka,40.707222,140.589444,41,48,75,5.82
226,21758,jp,settsu,34.778191,135.595121,55.4,66,75,27.51
227,21853,jp,tobe,33.733333,132.783333,50,87,75,16.11
228,21927,jp,yaita,36.8,139.933333,30.2,100,75,10.29
229,21991,ke,karuri,-0.7166667,37.0333333,62.6,93,75,8.05
230,21996,ke,kijabe,-0.9333333,36.5666667,62.6,93,75,9.17
231,22179,kz,khromtau,50.250278,58.434722,30.61,100,64,7.85
232,22231,kz,zhanakorgan,43.915,67.248056,64.45,79,88,4.61
233,22236,kz,zhetysay,40.733333,68.3,67.51,95,24,4.61
234,22281,lk,badulla,6.9833333,81.05,83.98,63,0,2.93
235,22351,ls,mokhotlong,-29.2833333,29.0833333,47.44,94,80,2.71
236,22406,lt,obeliai,55.96666670000001,25.15,21.34,74,20,12.77
237,22407,lt,pabrade,55.0,25.7833333,26.6,73,90,12.75
238,22412,lt,panevezys,55.7333333,24.35,23,85,90,9.17
239,22462,lt,ziezmariai,54.8,24.45,26.6,73,90,9.17
240,22486,lu,bous,49.5538889,6.3291667,28.4,68,0,10.29
241,22508,lu,fentange,49.5627778,6.1538889,28.4,68,0,10.29
242,22635,lv,kraslava,55.9,27.1666667,22.24,71,44,14.9
243,22768,me,ulcinj,41.928333,19.206389,,,,
244,22952,ml,douentza,15.0,-2.95,64.81,54,12,4.16
245,23177,mu,lalmatie,-20.1897222,57.66111110000001,86,74,20,5.82
246,23247,mw,dowa,-13.65,33.9333333,64.4,93,40,5.82
247,23255,mw,mangochi,-14.4666667,35.2666667,70.66,99,48,3.38
248,23308,mx,aguascalientes,21.883333,-102.3,60.8,48,5,3.36
249,23517,mx,cansahcab,21.166667,-89.1,77,78,75,13.87
250,23701,mx,cuautitlan,19.671111,-99.182778,60.8,59,5,9.17
251,23715,mx,cuilapam,17.0,-96.766667,,,,
252,23758,mx,el colorado,20.566667,-100.25,59,38,5,6.06
253,23795,mx,estacion coahuila,32.193889,-115.001667,66.2,15,40,6.93
254,23884,mx,huhi,20.716667,-89.166667,77,78,75,13.87
255,24244,mx,otatitlan,18.2,-96.033333,71.92,98,92,6.4
256,24282,mx,parras,25.416667,-102.183333,,,,
257,24416,mx,sanctorum,19.1,-98.25,50.86,85,0,5.28
258,24465,mx,san nicolas,20.483333,-99.916667,51.76,59,0,1.92
259,24480,mx,santa ana,30.55,-111.116667,45.64,52,8,2.59
260,24524,mx,soltepec,19.116667,-97.7,49.24,87,24,4.61
261,24592,mx,tecolutla,20.483333,-97.016667,55.27,95,0,1.7
262,24610,mx,temamatla,19.2,-98.883333,60.8,59,5,9.17
263,24722,mx,tlacotepec,20.066667,-97.866667,50,66,5,2.37
264,24859,mx,villamar,20.016667,-102.6,51.04,66,0,2.37
265,24917,mx,zacatepec,18.65,-99.2,55,99,92,2.04
266,24927,mx,zanatepec,16.483333,-94.35,,,,
267,24954,mx,zozocolco,20.116667,-97.566667,,,,
268,24962,my,ayer keroh,2.2654,102.2801,89.6,62,75,5.82
269,24977,my,bidor,4.116667,101.283333,91.4,59,75,5.82
270,25169,nc,ouegoa,-20.35,164.43333330000004,79.75,83,80,4.94
271,25176,nc,poya,-21.35,165.15,77.23,100,36,16.24
272,25245,ng,calabar,4.9517,8.322000000000001,77.14,98,100,3.94
273,25287,ng,ilesha,8.916667,3.416667,73.63,94,80,4.61
274,25288,ng,ilobu,7.833333,4.483333,72.46,97,56,5.5
275,25316,ng,makurdi,7.7411,8.5121,78.13,82,20,10.54
276,25416,ni,rio blanco,12.9333333,-85.2166667,71.11,86,24,2.59
277,25750,nl,zuidhorn,53.25101,6.408798,37.4,100,90,3.36
278,25886,no,hoyanger,61.216667,6.0833330000000005,37.4,100,75,11.41
279,25901,no,kaupanger,61.183333,7.233333,30.2,100,75,11.41
280,25981,no,nesbyen,60.566667,9.1,18.01,87,36,2.93
281,26037,no,seljord,59.483333,8.616667,23,85,0,2.24
282,26086,no,storsteinnes,69.233333,19.233333,28.4,92,75,8.05
283,26132,no,vardo,70.366667,31.1,15.8,72,75,14.99
284,26270,nz,pareora,-44.5,171.2,53.38,100,92,11.21
285,26275,nz,raglan,-37.8,174.883333,68.41,88,8,11.43
286,26277,nz,ranfurly,-45.133333,170.1,45.91,100,92,4.38
287,26361,pa,bisira,8.9,-81.8666667,65.89,98,0,2.59
288,26629,pe,chulucanas,-5.0925,-80.1625,71.2,73,0,3.83
289,26686,pe,laredo,-8.1,-78.95,66.2,93,75,6.93
290,26696,pe,mala,-12.65,-76.6333333,65.26,98,8,5.28
291,27013,ph,altavas,11.538,122.487,82.27,77,0,5.06
292,27021,ph,amaga,8.530833,126.070278,82.27,77,0,5.06
293,27067,ph,apalit,14.953333,120.77,91.4,41,75,6.93
294,27177,ph,bahile,9.996,118.7857,91.4,55,20,11.41
295,27443,ph,binday,16.1271,120.4525,86.41,50,0,4.94
296,27512,ph,boston,7.871111,126.364167,81.19,100,36,10.09
297,27532,ph,buenavista,10.1776,123.6013,82.54,92,76,6.29
298,27534,ph,buenavista,13.255115,121.941492,82.54,92,76,6.29
299,27575,ph,bulawen,15.4173,119.9564,,,,
300,27744,ph,calolbon,13.595999999999998,124.0991,81.19,99,56,9.42
301,27764,ph,camandag,10.333333,123.066667,90.19,47,0,11.43
302,27863,ph,casian,11.035,119.7136,82.54,100,0,10.2
303,27935,ph,concepcion,13.926667000000002,121.493333,91.4,41,75,6.93
304,28140,ph,esmeralda,15.867222,120.715,91.18,54,0,8.75
305,28176,ph,gamay,12.3638,125.2366,81.64,100,68,11.43
306,28232,ph,guiljungan,9.9805,122.6742,84.34,96,0,12.44
307,28652,ph,liloan,11.0422,124.5502,84.2,79,40,11.41
308,28661,ph,limot,7.040502,126.272683,89.6,62,75,9.17
309,28813,ph,macalamcam,13.85,121.316667,,,,
310,28884,ph,makiling,10.780944,123.393803,89.6,59,75,6.93
311,28886,ph,makiwalo,12.5101,124.706,82.36,100,8,11.88
312,28923,ph,malbago,9.7327,123.3402,82.9,96,8,9.42
313,29074,ph,masiga,13.3607,121.8278,83.44,95,12,6.29
314,29113,ph,mayo,7.002105,126.331983,83.26,94,8,7.96
315,29287,ph,olongapo,14.8373,120.2868,89.6,55,20,11.41
316,29452,ph,patao,11.2202,123.6925,82.09,100,8,9.75
317,29456,ph,paticui,10.237,122.8993,86.68,61,0,2.93
318,29572,ph,prosperidad,10.515963,123.308502,83.53,78,64,9.08
319,29713,ph,salinungan,16.869057,121.614542,,,,
320,29812,ph,san francisco,13.316667,123.75,82.63,100,0,4.72
321,30067,ph,santa maria,18.149481,121.661252,81.19,74,12,7.63
322,30115,ph,santo domingo,13.42,123.4486,82.99,79,12,3.6
323,30294,ph,taboc,8.878333,124.7975,82.81,85,32,9.42
324,30385,ph,talugtug,15.7778,120.8111,91.18,54,0,8.75
325,30439,ph,tarlac,15.489449,120.591932,91.4,41,75,6.93
326,30460,ph,tebag,15.9678,120.466,91.18,54,0,8.75
327,30576,ph,tuli,7.233333,125.416667,89.6,62,75,9.17
328,30728,pk,darya khan mari,26.677475,68.28590200000001,,,,
329,30910,pk,nowshera,34.005823,71.997727,73.4,43,75,6.93
330,30971,pk,shujaabad,29.879668,71.29313,66.2,77,75,9.19
331,30980,pk,sukheke,31.880703000000004,73.472447,,,,
332,30990,pk,tando muhammad khan,25.123007,68.53577299999999,86.14,32,0,6.4
333,30991,pk,tangi,34.300556,71.653611,73.4,43,75,6.93
334,31030,pl,bielawa,50.686712,16.621677,26.6,86,20,8.05
335,31124,pl,jaworzno,50.206025,19.270062,28.4,68,90,11.41
336,31292,pl,pszczyna,49.976483,18.947323,28.4,68,90,11.41
337,31309,pl,ropczyce,50.05257,21.609053,26.6,86,90,10.29
338,31391,pl,ustrzyki dolne,49.430858,22.584761,18.19,75,80,3.83
339,31393,pl,wadowice,49.884086,19.491489,28.4,74,75,8.05
340,31532,pt,buarcos,40.16603900000001,-8.876800999999997,37.4,93,0,1.12
341,31630,pt,lagoa,37.135349,-8.453188,46.4,65,0,6.93
342,31642,pt,lobao,40.986643,-8.485659,39.2,78,0,2.24
343,31735,pt,portimao,37.136636,-8.539796,46.4,65,0,6.93
344,31740,pt,povoa de lanhoso,41.577713,-8.268467999999999,35.6,80,0,5.82
345,31821,pt,sobreda,38.649608,-9.189766,46.4,61,0,12.75
346,32025,py,villeta,-25.466667,-57.6,66.2,100,90,6.93
347,32144,ro,aricestii-zeletin,45.216667,26.166667,,,,
348,32184,ro,baia de arama,45.0,22.806667,29.89,87,92,2.48
349,32275,ro,bautar,45.516667,22.566667,26.83,94,88,3.15
350,32361,ro,bogdanesti,46.216667,26.683333,23,79,20,17.22
351,32558,ro,caransebes,45.416667,22.216667,27.82,91,88,3.38
352,32756,ro,cornetu,44.341667,25.940833,23,100,90,10.29
353,32766,ro,cosambesti,44.566667,27.433333,22.51,80,12,5.39
354,32925,ro,dognecea,45.274167,21.756944,32,92,75,6.93
355,32947,ro,draganesti,45.783333,27.466667,24.85,90,64,5.5
356,33326,ro,isalnita,44.4,23.733333,32,100,90,5.82
357,33363,ro,jugureni,45.1,26.45,23,92,90,11.41
358,33443,ro,lunca,46.516667,22.466667,24.94,90,88,2.93
359,33469,ro,magherani,46.566667,24.9,30.2,86,90,2.24
360,33479,ro,maguri-racatau,46.633333,23.133333,,,,
361,33505,ro,manoleasa,47.983333,27.066667,23,79,20,17.22
362,33571,ro,mihaileni,47.966667,26.15,26.6,79,20,17.22
363,33779,ro,pancesti,46.333333,27.083333000000003,28.4,86,90,5.82
364,33796,ro,partestii de jos,47.633333,25.966667,23,79,20,17.22
365,33907,ro,poieni,46.916667,22.9,28.4,86,90,5.82
366,33910,ro,polovragi,45.18333300000001,23.8,28.27,86,92,2.93
367,33955,ro,pui,45.516667,23.1,26.83,94,88,3.15
368,34115,ro,samarinesti,44.75,23.05,29.89,87,92,2.48
369,34223,ro,seleus,46.383333,21.716667,32,94,75,10.29
370,34225,ro,semlac,46.116667,20.933333,32,93,75,10.29
371,34313,ro,somes-odorhei,47.316667,23.266667,28.4,92,75,3.36
372,34354,ro,stelnica,44.416667,27.883333,30.2,92,90,10.29
373,34404,ro,suseni,44.716667,24.95,23.23,82,20,1.7
374,34520,ro,toporu,44.010556,25.652778,23,100,90,10.29
375,34687,ro,vatra moldovitei,47.65,25.566667,23,79,20,17.22
376,34754,ro,voinesti,46.566667,27.416667,28.4,74,75,8.05
377,34760,ro,vorniceni,47.983333,26.666667,26.6,79,20,17.22
378,34826,rs,banatsko novo selo,44.989722,20.783611,30.2,92,75,5.82
379,34838,rs,beocin,45.198333,19.7225,30.2,92,75,5.82
380,34916,rs,lebane,42.923889,21.7375,32,96,90,14.99
381,34922,rs,loznica,44.534167,19.224167,28.4,100,90,4.7
382,35011,rs,subotica,46.1,19.666667,30.2,74,90,9.17
383,35039,rs,vrcin,44.668611,20.594167,30.2,100,75,8.05
384,35078,ru,agirish,61.924722,63.023056,21.43,77,88,5.17
385,35120,ru,alekseyevka,52.584,51.28,10.4,78,20,4.47
386,35250,ru,babushkin,51.712222,105.864722,30.79,67,0,2.71
387,35370,ru,bereslavka,48.62541,44.044914,26.6,100,90,17.9
388,35765,ru,dugulubgey,43.6625,43.536944,50,93,90,4.47
389,35795,ru,egvekinot,66.31666700000001,-179.166667,-3.23,73,68,2.15
390,35857,ru,gavrilov-yam,57.301852,39.853313,21.43,94,88,4.94
391,36097,ru,kadyy,57.787037,43.190288,18.01,95,64,4.38
392,36218,ru,kasumkent,41.677248,48.146009,48.43,66,8,2.71
393,36404,ru,kodino,63.719756,39.644651,-1.97,59,0,2.71
394,36429,ru,komarichi,52.4151,34.7905,13.87,89,88,4.72
395,36586,ru,krasnovka,48.817686,40.092261,35.02,97,92,13.67
396,36671,ru,kulebaki,55.413333,42.5325,16.39,76,88,3.38
397,36673,ru,kuli,42.018451,47.243422,32.14,50,0,7.07
398,36726,ru,kuybyshevskiy zaton,55.1593,49.1701,10.4,60,0,8.95
399,36737,ru,kuznetsk,53.11675,46.600368,17.11,87,92,6.85
400,36753,ru,kyzyl-oktyabr,43.825701,41.786047,,,,
401,36812,ru,letnyaya stavka,45.430556,43.447222,51.04,78,36,23.29
402,36883,ru,lyamino,58.2839,57.725,13.24,87,68,11.77
403,36921,ru,malino,55.111952,38.173843,28.4,58,40,6.71
404,37243,ru,nizhniy ingash,56.2003,96.5373,29.98,74,56,5.61
405,37270,ru,novaya ladoga,60.102457,32.30191,16.03,78,80,8.75
406,37281,ru,novki,56.363864,41.086548,18.19,80,88,3.27
407,37362,ru,novotalitsy,57.009373,40.850897,,,,
408,37517,ru,otradnoye,59.7775,30.818056,15.8,78,75,8.95
409,37543,ru,paranga,56.703889,49.404722,18.73,92,76,5.39
410,37731,ru,porechye-rybnoye,57.098053,39.383536,20.62,84,76,3.04
411,37958,ru,saint petersburg,59.89444399999999,30.264167,15.8,78,75,8.95
412,38194,ru,skopin,53.824856,39.550528,16.21,87,92,6.85
413,38240,ru,solginskiy,61.05,41.342778,-1.07,67,0,3.27
414,38467,ru,takhtamygda,54.1,123.566667,44.56,52,0,3.38
415,38527,ru,temizhbekskaya,45.445556,40.845,45.55,76,76,26.19
416,38530,ru,temryuk,45.270547,37.387161,42.8,75,40,15.66
417,38600,ru,troitskoye,55.3,38.533333,36.01,98,92,5.39
418,38759,ru,uspenskoye,44.8311,41.3927,48.2,66,0,31.32
419,38881,ru,verkhniy uslon,55.7701,48.9823,10.4,60,0,8.95
420,38894,ru,verkhoturye,58.862706,60.805363,21.34,66,0,8.97
421,38909,ru,vetluzhskiy,58.390162,45.465425,17.47,78,8,3.6
422,39224,ru,zaymishche,52.7264,32.2334,17.74,95,88,6.96
423,39319,rw,kigali,-1.9536111,30.060555600000004,66.2,88,75,2.24
424,39467,se,sala,59.916667,16.6,24.8,73,36,6.93
425,39499,se,vetlanda,57.433333,15.066667,19.4,79,0,5.82
426,39500,se,visby,57.63333299999999,18.3,28.4,68,0,10.29
427,39570,si,radovljica,46.34444439999999,14.174444400000002,28.4,86,90,4.7
428,39600,si,velenje,46.3591667,15.110277800000002,35.6,76,0,11.41
429,39623,sk,cadca,49.4333333,18.7833333,28.4,85,90,2.24
430,39636,sk,hrinova,48.5833333,19.5333333,24.8,73,20,2.24
431,39649,sk,levice,48.21666670000001,18.6,24.8,73,20,2.24
432,39735,sl,bomi,7.2461110999999985,-11.525833300000002,76.33,94,100,2.93
433,40220,th,non sang,16.868696,102.566422,86,57,75,6.93
434,40221,th,non sung,15.180139000000002,102.256945,84.2,62,75,9.17
435,40240,th,phayakkhaphum phisai,15.516306,103.193667,78.8,69,75,9.17
436,40520,tr,bismil,37.848611,40.665833,60.8,55,0,11.41
437,40527,tr,bozuyuk,39.907778,30.036667,42.8,67,0,4.7
438,40609,tr,islahiye,37.025,36.630556,59,62,0,12.75
439,40620,tr,karacabey,40.215251,28.403778000000006,53.74,78,0,9.98
440,40721,tr,tokat,40.313889,36.554444,51.8,81,0,2.24
441,41098,tz,tanga,-5.0666667,39.1,80.11,82,32,8.08
442,41288,ua,hlukhiv,51.678221,33.916204,15.49,89,88,4.5
443,41386,ua,kosmach,48.329906,24.820519,23,79,0,8.95
444,41558,ua,novyy svit,45.477545,36.297373,29.98,99,76,16.8
445,41717,ua,shyroke,47.69173,33.257145,32.23,98,56,17.81
446,41729,ua,smila,49.22242,31.887138,22.33,83,76,14.45
447,41733,ua,sobolivka,49.336044,28.650964,22.15,91,80,14.45
448,41765,ua,subottsi,48.655452,32.520928999999995,21.88,92,68,14.79
449,41864,ua,vylkove,45.40214,29.585946000000003,23.86,79,32,4.27
450,41972,ug,kiboga,0.9161110999999998,31.7741667,65.35,100,68,5.28
451,42027,us,daphne,30.6033333,-87.90361109999998,53.6,66,1,8.05
452,42063,us,prichard,30.738611100000004,-88.07888890000002,53.6,81,1,3.36
453,42155,us,forrest city,35.00805560000001,-90.7897222,44.6,81,68,4.7
454,42249,us,cerritos,33.8583333,-118.0638889,64.4,45,90,3.36
455,42565,us,soledad,36.4247222,-121.3252778,55.4,81,90,21.92
456,42585,us,tehachapi,35.1322222,-118.4480556,55.4,100,75,8.05
457,42706,us,fairfield,41.1411111,-73.2641667,53.6,100,90,6.93
458,42779,us,auburndale,28.065,-81.7888889,64.4,77,1,11.41
459,42869,us,jacksonville,30.3319444,-81.6558333,60.8,59,1,9.17
460,42879,us,kings point,26.445,-80.14,39.2,38,90,16.11
461,43068,us,douglas,31.508611100000003,-82.85,57.2,66,75,11.41
462,43142,us,aiea,21.3822222,-157.9336111,73.4,69,75,10.29
463,43417,us,bluffton,40.7386111,-85.1716667,30.2,68,90,18.34
464,43580,us,elizabethtown,37.6938889,-85.8591667,35.6,51,40,16.11
465,43755,us,crofton,39.0016667,-76.68777779999998,33.8,92,90,11.41
466,43825,us,salisbury,38.36055560000001,-75.5997222,39.2,93,90,13.87
467,44030,us,big rapids,43.6980556,-85.48361109999998,26.6,57,1,5.82
468,44043,us,eastpointe,42.4683333,-82.9555556,32,63,1,5.82
469,44235,us,corinth,34.9341667,-88.5222222,55.4,46,1,2.71
470,44340,us,webb city,37.1463889,-94.4627778,39.2,86,1,3.36
471,44468,us,plaistow,42.8363889,-71.09527779999998,33.8,74,1,5.82
472,44528,us,fort lee,40.8508333,-73.9705556,39.2,38,90,16.11
473,44596,us,phillipsburg,40.69361110000001,-75.1905556,30.2,100,1,5.82
474,44695,us,arlington,41.6958333,-73.8972222,55.4,80,1,2.71
475,44808,us,north lindenhurst,40.7141667,-73.3819444,39.2,40,90,13.87
476,44827,us,port chester,41.0016667,-73.6661111,39.2,38,90,16.11
477,45018,us,elyria,41.3683333,-82.1077778,33.8,92,90,11.41
478,45202,us,canby,45.2630556,-122.6913889,46.4,52,20,2.15
479,45275,us,east stroudsburg,40.9994444,-75.18166670000002,37.4,40,90,16.11
480,45598,us,beeville,28.400555600000004,-97.7480556,55.4,58,1,5.82
481,45627,us,converse,29.5177778,-98.3158333,44.6,93,1,5.73
482,45657,us,frisco,33.150555600000004,-96.8233333,55.4,46,1,2.93
483,45670,us,haltom city,32.7994444,-97.2688889,55.4,80,1,2.71
484,45693,us,kilgore,32.3861111,-94.8755556,51.8,93,1,6.62
485,45759,us,rockwall,32.9311111,-96.4594444,55.4,53,1,2.93
486,45888,us,williston,44.4375,-73.0686111,26.6,92,20,7.52
487,46021,us,mount vernon,48.4213889,-122.3327778,33.8,92,90,11.32
488,46038,us,richland,46.2858333,-119.28333329999998,39.2,80,1,4.7
489,46068,us,charleston,38.3497222,-81.6327778,39.2,100,90,10.29
490,46118,us,manitowoc,44.0886111,-87.6575,28.4,58,1,10.29
491,46123,us,menomonie,44.87555560000001,-91.9191667,26.6,68,1,3.36
492,46164,us,wauwatosa,43.0494444,-88.0075,32,68,75,10.29
493,46281,uz,urtaaul,41.1866667,69.14527779999999,,,,
494,46289,vc,kingstown,13.133333300000002,-61.21666670000001,79.57,91,44,16.02
495,46342,ve,la victoria,10.233333300000002,-67.33333329999999,71.6,94,20,3.36
496,46360,ve,punta cardon,11.6580556,-70.215,75.16,66,8,17.92
497,46502,ws,satapuala,-13.8333333,-171.9666667,82.4,74,75,8.05
498,46557,za,brakpan,-26.236561,28.369378,71.6,77,12,4.83
499,46561,za,brits,-25.634731,27.780224,73.4,88,0,5.82
