,Country,City,Latitude,Longitude,Temperature (F),Humidity (%),Cloudiness (%),Wind Speed (mph)
0,am,agarak,39.2038889,46.5472222,57.34,40,24,3.83
1,at,radstadt,47.383333,13.45,24.8,79,75,3.36
2,at,seewalchen,47.95,13.583333,24.8,79,75,3.36
3,at,strasshof,48.316667,16.666667,,,,
4,at,trofaiach,47.416667,15,24.8,79,36,2.24
5,au,parkes,-33.137199,148.175903,77.23,49,32,15.68
6,ba,donja mahala,45.0469444,18.6663889,39.2,100,75,8.05
7,ba,stupari,44.3147222,18.6841667,28.4,100,90,4.7
8,bd,abhaynagar,23.0166667,89.4666667,93.07,47,0,7.52
9,bd,bera,24.0833333,89.6166667,88.21,50,0,5.28
10,bd,bhairab bazar,24.0666667,90.9666667,89.6,46,0,4.38
11,bd,ishurdi,24.1333333,89.0833333,88.21,67,0,4.16
12,be,aywaille,50.466667,5.666667,30.2,92,75,4.7
13,be,bernissart,50.466667,3.633333,32,88,64,3.36
14,be,eghezee,50.6,4.9,32,80,90,1.12
15,be,gent,51.05,3.716667,32,92,90,1.12
16,be,glabbeek,50.866667,4.95,32,86,75,2.24
17,be,kortenberg,50.883333,4.533333,32,86,75,3.38
18,be,lochristi,51.1,3.833333,32,92,90,1.12
19,be,merelbeke,51,3.75,32,91,80,3.36
20,be,oud-turnhout,51.316667,4.983333,32,100,90,2.24
21,bf,gaoua,10.2991667,-3.2508333,73.09,92,56,7.18
22,bf,kombissiri,12.0655556,-1.3375,87.8,52,20,9.17
23,bg,galabovo,42.1333333,25.85,37.54,100,88,4.61
24,bg,sevlievo,43.0258333,25.1136111,32,83,92,4.7
25,bi,bururi,-3.9511111,29.6166667,71.56,100,48,2.71
26,bi,ngozi,-2.9083333,29.8277778,63.01,99,80,3.27
27,br,araguari,-18.633333,-48.183333,73.4,73,0,8.05
28,br,areia branca,-10.766667,-37.316667,80.6,78,40,10.29
29,br,bage,-31.333333,-54.1,54.55,78,0,9.08
30,br,barra do bugres,-15.083333,-57.183333,73,97,68,1.59
31,br,boca da mata,-9.6,-36.25,75.2,88,0,3.36
32,br,carazinho,-28.3,-52.8,56.98,99,44,5.61
33,br,carire,-3.95,-40.45,72.91,94,24,5.17
34,br,carmo do rio claro,-20.966667,-46.116667,66.79,100,76,3.15
35,br,espirito santo do pinhal,-22.2,-46.75,66.88,92,20,3.38
36,br,general salgado,-20.65,-50.366667,76.87,81,68,2.15
37,br,gloria do goita,-8.016667,-35.283333,80.6,74,20,5.82
38,br,itapuranga,-15.583333,-49.983333,69.94,93,56,2.71
39,br,itaqui,-29.133333,-56.55,58.15,88,0,4.72
40,br,jaragua,-15.75,-49.333333,68,94,40,2.24
41,br,junqueiropolis,-21.533333,-51.433333,74.08,84,8,2.71
42,br,lagoa formosa,-18.783333,-46.4,65.26,98,20,3.04
43,br,massape,-3.516667,-40.316667,,,,
44,br,queimados,-22.722897,-43.556316,80.6,74,75,14.99
45,br,santa isabel,-23.3158,-46.2241,68,100,75,4.7
46,br,vassouras,-22.406111,-43.664167,80.6,74,75,14.99
47,br,xaxim,-26.933333,-52.516667,65.89,99,48,2.93
48,bw,gabane,-24.6666667,25.7822222,71.6,68,0,8.05
49,ca,charlottetown,46.233333,-63.133333,24.8,68,5,6.93
50,ca,cookshire,45.416667,-71.616667,,,,
51,ca,gaspe,48.833333,-64.483333,28.4,58,5,6.93
52,ca,rosetown,51.55,-107.983333,10.81,61,20,4.16
53,ca,saint quentin,47.5,-67.383333,,,,
54,cf,alindao,5.0333333,21.2166667,71.83,88,88,4.94
55,ch,aarau,47.389616,8.052354,32,86,75,11.41
56,ch,arth,47.06337,8.523485,30.2,86,75,1.12
57,ch,schubelbach,47.173785,8.927867,32,86,90,4.7
58,ch,trimbach,47.365605,7.886797,32,86,75,11.41
59,ch,winterthur,47.500035,8.7251,32,86,90,4.7
60,ci,agboville,5.92801,-4.213186,72.46,94,0,2.93
61,ci,agnibilekrou,7.131132,-3.204147,72.82,96,0,5.73
62,cl,vilcun,-38.65,-72.233333,36.82,77,0,2.26
63,cm,melong,5.1166667,9.95,60.76,91,36,2.82
64,cm,tchollire,8.4,14.1666667,83.71,53,100,3.38
65,cn,beibei,29.825556,106.433889,69.8,52,40,6.71
66,cn,daan,29.382222,106.015,62.29,51,24,2.93
67,cn,duyun,26.266667,107.516667,50.23,70,92,4.83
68,cn,jinxi,40.764317,120.85327,55.09,78,8,7.63
69,cn,keshan,48.066667,125.9,,,,
70,cn,suining,30.508017,105.573324,65.89,75,48,8.08
71,cn,taian,36.185278,117.12,,,,
72,cn,wuchang,44.914282,127.150007,31.78,93,0,3.15
73,cn,yunhe,34.311389,117.950278,53.56,53,0,3.94
74,co,caracoli,6.409196,-74.757153,77.59,100,92,6.4
75,co,florencia,1.614382,-75.606229,64.54,98,36,2.48
76,co,giraldo,6.683056,-75.989167,61.48,96,68,2.04
77,cr,atenas,9.978058,-84.380319,69.8,68,40,11.41
78,cu,colombia,20.9880556,-77.4297222,73.4,88,20,3.36
79,cu,cumanayagua,22.1494444,-80.2022222,69.8,100,0,4.7
80,cu,minas,21.4833333,-77.6166667,73.4,88,20,3.36
81,cu,san antonio de los banos,22.8911111,-82.4991667,68,100,20,1.12
82,cy,empa,34.8083333,32.425,,,,
83,cz,boskovice,49.490899,16.659172,28.4,79,75,11.41
84,cz,ceska lipa,50.686736,14.538125,26.6,79,0,6.93
85,cz,nydek,49.659767,18.763336,28.4,86,75,10.29
86,cz,plana,49.867527,12.74151,26.6,79,20,2.24
87,cz,vratimov,49.768571,18.315002,28.4,86,75,10.29
88,de,bad aibling,47.866667,12,28.4,79,75,6.93
89,de,baunatal,51.25,9.416667,23,85,20,3.36
90,de,delbruck,51.766667,8.566667,24.8,85,0,4.7
91,de,eichenau,48.166667,11.316667,28.4,100,75,8.05
92,de,finnentrop,51.166667,7.966667,24.8,85,0,6.93
93,de,garching,48.25,11.65,,,,
94,de,guben,51.95,14.716667,21.16,76,0,6.29
95,de,hosbach,50,9.2,30.2,79,0,3.36
96,de,kummersbruck,49.419167,11.888333,24.8,92,1,9.08
97,de,leutkirch,47.825,10.016667,32,92,75,10.29
98,de,lunen,51.616667,7.516667,28.4,85,0,6.93
99,de,niederkruchten,51.2,6.216667,32,92,90,5.82
100,de,niederzier,50.883333,6.466667,30.2,86,40,8.05
101,de,rheinau,48.866667,8.2,28.4,100,0,6.93
102,de,schwarzenbach,50.216667,11.933333,26.6,79,1,5.73
103,de,starnberg,48,11.35,28.4,100,75,8.05
104,de,usingen,50.333333,8.533333,30.2,63,1,6.93
105,de,waldbrol,50.883333,7.616667,26.6,79,0,1.12
106,de,waldkirchen,48.733333,13.6,21.2,79,20,2.24
107,dk,rodby,54.694952,11.38885,32.59,98,36,13.44
108,dz,tazmalt,36.3872222,4.4016667,44.6,100,75,11.41
109,ee,kilingi-nomme,58.1502778,24.9641667,19.4,67,0,5.82
110,ee,kuusalu,59.4438889,25.4413889,19.4,62,0,4.7
111,ee,olustvere,58.5536111,25.5627778,19.4,67,0,5.82
112,eg,benha,30.4608333,31.1875,,,,
113,es,la linea,36.168024,-5.347195,,,,
114,es,pilas,37.303373,-6.300969,42.8,73,0,6.93
115,es,torello,42.048215,2.263955,32,74,20,1.12
116,es,torrevieja,37.978718,-0.682222,44.6,42,0,9.17
117,es,valdemoro,40.189007,-3.675662,37.4,55,0,10.29
118,es,villanueva de la serena,38.976552,-5.797398,27.91,77,0,2.71
119,es,zaragoza,41.64531,-0.884861,37.4,59,0,24.16
120,fi,tornio,65.85,24.183333,5,84,0,1.12
121,fr,auch,43.645401,0.587933,33.8,80,0,11.41
122,fr,bergerac,44.852547,0.484862,30.2,80,0,4.7
123,fr,canteleu,49.440654,1.024586,33.8,92,80,2.24
124,fr,colomiers,43.613709,1.334631,33.8,74,0,12.75
125,fr,eragny,49.016667,2.1,33.8,100,20,9.17
126,fr,graulhet,43.762838,1.988349,35.6,74,0,12.75
127,fr,joinville-le-pont,48.82538,2.474576,33.8,89,75,6.93
128,fr,le chambon-feugerolles,45.396887,4.325923,33.8,79,40,10.29
129,fr,marmande,44.500371,0.16546,33.8,80,0,4.7
130,fr,neuilly-sur-seine,48.883333,2.266667,33.8,89,75,6.93
131,fr,romilly-sur-seine,48.510852,3.726338,30.2,74,0,8.05
132,fr,saint-priest,45.696125,4.938915,33.8,64,0,21.92
133,fr,selestat,48.259323,7.454285,28.4,86,0,6.93
134,gb,bentley,53.533333,-1.15,32,82,0,5.82
135,gb,bridgend,51.505833,-3.577222,33.8,86,12,5.82
136,gb,kingussie,57.083333,-4.05,41,75,20,23.04
137,gb,maud,57.516667,-2.1,35.6,69,24,4.7
138,ge,didi lilo,41.7363889,44.9658333,55.4,62,40,39.15
139,gh,berekum,7.45,-2.5833333,72.64,96,8,7.63
140,gh,salaga,8.55,-0.5166667,78.49,87,12,8.75
141,gn,tougue,11.45,-11.6833333,68.95,64,36,3.38
142,gp,anse-bertrand,16.4666667,-61.5,77,78,0,8.05
143,gr,athira,40.8252778,22.5833333,,,,
144,gr,ayios nikolaos,40.25,23.7,53.6,87,0,3.49
145,gr,doliana,39.9019444,20.5794444,57.2,100,90,1.25
146,gr,karpokhorion,39.3333333,22.0166667,42.8,87,20,4.7
147,gr,kato skholarion,40.4333333,23.0333333,55.4,47,20,8.05
148,gr,kimmeria,41.15,24.9333333,51.8,87,40,8.05
149,gr,krionerion,40.8166667,23.2833333,,,,
150,gr,sinarades,39.5647222,19.8458333,57.2,87,90,18.34
151,gt,chinautla,14.708333,-90.499444,68,56,0,9.17
152,gt,cunen,15.3375,-91.026944,56.17,92,76,1.14
153,gt,pachalum,14.924722,-90.662778,68,56,0,9.17
154,gt,panajachel,14.733333,-91.15,68,56,0,9.17
155,gt,petapa,14.502778,-90.551667,68,56,0,9.17
156,gt,san jose,16.983333,-89.9,75.52,76,36,4.5
157,hn,el guapinol,13.7666667,-87.4666667,77,68,0,0.92
158,hn,punta ocote,15.2,-87.2833333,61.3,73,20,1.59
159,hu,buj,48.1,21.65,12.97,60,48,3.27
160,hu,felsotarkany,47.966667,20.416667,21.16,82,12,2.37
161,hu,heviz,46.788778,17.183333,30.2,63,0,14.99
162,hu,labatlan,47.74735,18.496226,30.2,92,75,3.36
163,hu,opalyi,47.997712,22.32617,24.8,92,75,3.36
164,hu,pakozd,47.213694,18.533055,30.2,92,75,3.36
165,hu,paks,46.62648,18.859624,28.27,96,88,7.63
166,hu,per,47.611528,17.806317,26.6,79,0,4.7
167,hu,pusztavam,47.429478,18.22648,26.6,79,0,4.7
168,hu,szalkszentmarton,46.975654,19.011775,30.2,92,75,3.36
169,hu,szentendre,47.664712,19.068063,30.2,92,75,3.36
170,hu,vac,47.780715,19.131006,30.2,92,75,3.36
171,hu,vecses,47.407047,19.286483,30.2,92,75,3.36
172,id,cibitung,-6.272222,107.103611,79.93,81,48,8.97
173,id,ciledug,-6.9142,108.7343,,,,
174,id,gamping,-7.783333,110.316667,86.59,91,20,16.69
175,id,madiun,-7.6298,111.5239,82.36,77,32,5.17
176,id,rantauprapat,2.1,99.833333,83.89,77,44,2.82
177,id,serpong,-6.316944,106.664167,84.2,74,40,21.92
178,id,teluknaga,-6.065,106.644167,84.2,74,40,21.92
179,ie,laytown,53.6819444,-6.2391667,32,100,75,5.82
180,ie,rush,53.5247222,-6.1097222,,,,
181,in,baghpat,28.95,77.216667,84.2,32,40,4.7
182,in,bodh gaya,24.7,84.983333,91.4,29,12,11.41
183,in,chhatapur,26.216667,87.016667,94.06,34,0,2.37
184,in,gundlupet,11.8,76.683333,87.76,49,0,4.16
185,in,jharia,23.75,86.4,93.07,33,0,2.93
186,in,karrapur,23.95,78.85,87.67,46,48,5.28
187,in,khapa,21.433333,78.966667,93.2,32,0,4.7
188,in,kharod,21.75,82.566667,90.01,31,0,9.64
189,in,kotaparh,19.15,82.35,93.52,35,0,6.4
190,in,mahemdavad,22.833333,72.766667,84.2,45,0,5.82
191,in,manali,13.166667,80.266667,13.33,87,68,0.92
192,in,mormugao,15.4,73.8,,,,
193,in,mursan,27.583333,77.933333,84.79,57,0,3.94
194,in,nandyal,15.483333,78.483333,95.86,29,0,4.05
195,in,narayanavanam,13.416667,79.583333,91,51,0,6.4
196,in,nohar,29.183333,74.766667,69.67,73,36,0.47
197,in,puranpur,28.516667,80.15,88.03,30,0,3.6
198,in,ranir bazar,23.833333,91.366667,89.6,46,0,4.38
199,in,raver,21.25,76.033333,92.26,31,0,5.28
200,in,rayachoti,14.05,78.75,92.17,36,0,4.27
201,in,sarka ghat,31.7,76.733333,54.46,98,88,2.93
202,in,sirkali,11.233333,79.733333,,,,
203,in,sundargarh,22.116667,84.033333,94.6,30,0,5.39
204,in,surandai,8.966667,77.4,89.56,61,0,2.37
205,in,teghra,25.483333,85.95,91.81,40,0,4.38
206,iq,kifri,34.6913889,44.9608333,70.66,40,0,4.27
207,ir,abhar,36.1468,49.218,60.94,26,8,4.16
208,ir,jahrom,28.5024,53.5534,,,,
209,ir,omidiyeh,30.7458,49.7087,75.2,33,0,4.7
210,ir,shahreza,32.0089,51.8668,58.06,30,0,3.6
211,ir,shahrud,36.418189,54.976282,55,75,0,3.38
212,it,arona,45.766667,8.566667,42.8,93,0,4.7
213,it,borgomanero,45.7,8.466667,42.8,93,75,4.7
214,it,grottaferrata,41.783333,12.666667,46.4,87,75,11.41
215,it,lavello,41.05,15.8,44.6,93,90,3.36
216,it,massafra,40.591944,17.115278,55.4,100,40,8.05
217,it,montesarchio,41.066667,14.633333,51.8,66,40,8.05
218,it,montespertoli,43.633333,11.066667,44.6,60,75,14.99
219,it,narni,42.516667,12.516667,44.6,69,20,21.92
220,it,selargius,39.256667,9.1675,48.2,87,20,4.7
221,it,selvazzano dentro,45.383333,11.783333,41,69,0,3.36
222,jo,irbid,32.555556,35.85,64.4,38,0,2.82
223,jp,imabari,34.066667,132.966667,,,,
224,jp,kudamatsu,34,131.866667,48.2,93,75,4.7
225,jp,namioka,40.707222,140.589444,41,48,75,5.82
226,jp,settsu,34.778191,135.595121,55.4,66,75,27.51
227,jp,tobe,33.733333,132.783333,50,87,75,16.11
228,jp,yaita,36.8,139.933333,30.2,100,75,10.29
229,ke,karuri,-0.7166667,37.0333333,62.6,93,75,8.05
230,ke,kijabe,-0.9333333,36.5666667,62.6,93,75,9.17
231,kz,khromtau,50.250278,58.434722,30.61,100,64,7.85
232,kz,zhanakorgan,43.915,67.248056,64.45,79,88,4.61
233,kz,zhetysay,40.733333,68.3,67.51,95,24,4.61
234,lk,badulla,6.9833333,81.05,83.98,63,0,2.93
235,ls,mokhotlong,-29.2833333,29.0833333,47.44,94,80,2.71
236,lt,obeliai,55.9666667,25.15,21.34,74,20,12.77
237,lt,pabrade,55,25.7833333,26.6,73,90,12.75
238,lt,panevezys,55.7333333,24.35,23,85,90,9.17
239,lt,ziezmariai,54.8,24.45,26.6,73,90,9.17
240,lu,bous,49.5538889,6.3291667,28.4,68,0,10.29
241,lu,fentange,49.5627778,6.1538889,28.4,68,0,10.29
242,lv,kraslava,55.9,27.1666667,22.24,71,44,14.9
243,me,ulcinj,41.928333,19.206389,,,,
244,ml,douentza,15,-2.95,64.81,54,12,4.16
245,mu,lalmatie,-20.1897222,57.6611111,86,74,20,5.82
246,mw,dowa,-13.65,33.9333333,64.4,93,40,5.82
247,mw,mangochi,-14.4666667,35.2666667,70.66,99,48,3.38
248,mx,aguascalientes,21.883333,-102.3,60.8,48,5,3.36
249,mx,cansahcab,21.166667,-89.1,77,78,75,13.87
250,mx,cuautitlan,19.671111,-99.182778,60.8,59,5,9.17
251,mx,cuilapam,17,-96.766667,,,,
252,mx,el colorado,20.566667,-100.25,59,38,5,6.06
253,mx,estacion coahuila,32.193889,-115.001667,66.2,15,40,6.93
254,mx,huhi,20.716667,-89.166667,77,78,75,13.87
255,mx,otatitlan,18.2,-96.033333,71.92,98,92,6.4
256,mx,parras,25.416667,-102.183333,,,,
257,mx,sanctorum,19.1,-98.25,50.86,85,0,5.28
258,mx,san nicolas,20.483333,-99.916667,51.76,59,0,1.92
259,mx,santa ana,30.55,-111.116667,45.64,52,8,2.59
260,mx,soltepec,19.116667,-97.7,49.24,87,24,4.61
261,mx,tecolutla,20.483333,-97.016667,55.27,95,0,1.7
262,mx,temamatla,19.2,-98.883333,60.8,59,5,9.17
263,mx,tlacotepec,20.066667,-97.866667,50,66,5,2.37
264,mx,villamar,20.016667,-102.6,51.04,66,0,2.37
265,mx,zacatepec,18.65,-99.2,55,99,92,2.04
266,mx,zanatepec,16.483333,-94.35,,,,
267,mx,zozocolco,20.116667,-97.566667,,,,
268,my,ayer keroh,2.2654,102.2801,89.6,62,75,5.82
269,my,bidor,4.116667,101.283333,91.4,59,75,5.82
270,nc,ouegoa,-20.35,164.4333333,79.75,83,80,4.94
271,nc,poya,-21.35,165.15,77.23,100,36,16.24
272,ng,calabar,4.9517,8.322,77.14,98,100,3.94
273,ng,ilesha,8.916667,3.416667,73.63,94,80,4.61
274,ng,ilobu,7.833333,4.483333,72.46,97,56,5.5
275,ng,makurdi,7.7411,8.5121,78.13,82,20,10.54
276,ni,rio blanco,12.9333333,-85.2166667,71.11,86,24,2.59
277,nl,zuidhorn,53.25101,6.408798,37.4,100,90,3.36
278,no,hoyanger,61.216667,6.083333,37.4,100,75,11.41
279,no,kaupanger,61.183333,7.233333,30.2,100,75,11.41
280,no,nesbyen,60.566667,9.1,18.01,87,36,2.93
281,no,seljord,59.483333,8.616667,23,85,0,2.24
282,no,storsteinnes,69.233333,19.233333,28.4,92,75,8.05
283,no,vardo,70.366667,31.1,15.8,72,75,14.99
284,nz,pareora,-44.5,171.2,53.38,100,92,11.21
285,nz,raglan,-37.8,174.883333,68.41,88,8,11.43
286,nz,ranfurly,-45.133333,170.1,45.91,100,92,4.38
287,pa,bisira,8.9,-81.8666667,65.89,98,0,2.59
288,pe,chulucanas,-5.0925,-80.1625,71.2,73,0,3.83
289,pe,laredo,-8.1,-78.95,66.2,93,75,6.93
290,pe,mala,-12.65,-76.6333333,65.26,98,8,5.28
291,ph,altavas,11.538,122.487,82.27,77,0,5.06
292,ph,amaga,8.530833,126.070278,82.27,77,0,5.06
293,ph,apalit,14.953333,120.77,91.4,41,75,6.93
294,ph,bahile,9.996,118.7857,91.4,55,20,11.41
295,ph,binday,16.1271,120.4525,86.41,50,0,4.94
296,ph,boston,7.871111,126.364167,81.19,100,36,10.09
297,ph,buenavista,10.1776,123.6013,82.54,92,76,6.29
298,ph,buenavista,13.255115,121.941492,82.54,92,76,6.29
299,ph,bulawen,15.4173,119.9564,,,,
300,ph,calolbon,13.596,124.0991,81.19,99,56,9.42
301,ph,camandag,10.333333,123.066667,90.19,47,0,11.43
302,ph,casian,11.035,119.7136,82.54,100,0,10.2
303,ph,concepcion,13.926667,121.493333,91.4,41,75,6.93
304,ph,esmeralda,15.867222,120.715,91.18,54,0,8.75
305,ph,gamay,12.3638,125.2366,81.64,100,68,11.43
306,ph,guiljungan,9.9805,122.6742,84.34,96,0,12.44
307,ph,liloan,11.0422,124.5502,84.2,79,40,11.41
308,ph,limot,7.040502,126.272683,89.6,62,75,9.17
309,ph,macalamcam,13.85,121.316667,,,,
310,ph,makiling,10.780944,123.393803,89.6,59,75,6.93
311,ph,makiwalo,12.5101,124.706,82.36,100,8,11.88
312,ph,malbago,9.7327,123.3402,82.9,96,8,9.42
313,ph,masiga,13.3607,121.8278,83.44,95,12,6.29
314,ph,mayo,7.002105,126.331983,83.26,94,8,7.96
315,ph,olongapo,14.8373,120.2868,89.6,55,20,11.41
316,ph,patao,11.2202,123.6925,82.09,100,8,9.75
317,ph,paticui,10.237,122.8993,86.68,61,0,2.93
318,ph,prosperidad,10.515963,123.308502,83.53,78,64,9.08
319,ph,salinungan,16.869057,121.614542,,,,
320,ph,san francisco,13.316667,123.75,82.63,100,0,4.72
321,ph,santa maria,18.149481,121.661252,81.19,74,12,7.63
322,ph,santo domingo,13.42,123.4486,82.99,79,12,3.6
323,ph,taboc,8.878333,124.7975,82.81,85,32,9.42
324,ph,talugtug,15.7778,120.8111,91.18,54,0,8.75
325,ph,tarlac,15.489449,120.591932,91.4,41,75,6.93
326,ph,tebag,15.9678,120.466,91.18,54,0,8.75
327,ph,tuli,7.233333,125.416667,89.6,62,75,9.17
328,pk,darya khan mari,26.677475,68.285902,,,,
329,pk,nowshera,34.005823,71.997727,73.4,43,75,6.93
330,pk,shujaabad,29.879668,71.29313,66.2,77,75,9.19
331,pk,sukheke,31.880703,73.472447,,,,
332,pk,tando muhammad khan,25.123007,68.535773,86.14,32,0,6.4
333,pk,tangi,34.300556,71.653611,73.4,43,75,6.93
334,pl,bielawa,50.686712,16.621677,26.6,86,20,8.05
335,pl,jaworzno,50.206025,19.270062,28.4,68,90,11.41
336,pl,pszczyna,49.976483,18.947323,28.4,68,90,11.41
337,pl,ropczyce,50.05257,21.609053,26.6,86,90,10.29
338,pl,ustrzyki dolne,49.430858,22.584761,18.19,75,80,3.83
339,pl,wadowice,49.884086,19.491489,28.4,74,75,8.05
340,pt,buarcos,40.166039,-8.876801,37.4,93,0,1.12
341,pt,lagoa,37.135349,-8.453188,46.4,65,0,6.93
342,pt,lobao,40.986643,-8.485659,39.2,78,0,2.24
343,pt,portimao,37.136636,-8.539796,46.4,65,0,6.93
344,pt,povoa de lanhoso,41.577713,-8.268468,35.6,80,0,5.82
345,pt,sobreda,38.649608,-9.189766,46.4,61,0,12.75
346,py,villeta,-25.466667,-57.6,66.2,100,90,6.93
347,ro,aricestii-zeletin,45.216667,26.166667,,,,
348,ro,baia de arama,45,22.806667,29.89,87,92,2.48
349,ro,bautar,45.516667,22.566667,26.83,94,88,3.15
350,ro,bogdanesti,46.216667,26.683333,23,79,20,17.22
351,ro,caransebes,45.416667,22.216667,27.82,91,88,3.38
352,ro,cornetu,44.341667,25.940833,23,100,90,10.29
353,ro,cosambesti,44.566667,27.433333,22.51,80,12,5.39
354,ro,dognecea,45.274167,21.756944,32,92,75,6.93
355,ro,draganesti,45.783333,27.466667,24.85,90,64,5.5
356,ro,isalnita,44.4,23.733333,32,100,90,5.82
357,ro,jugureni,45.1,26.45,23,92,90,11.41
358,ro,lunca,46.516667,22.466667,24.94,90,88,2.93
359,ro,magherani,46.566667,24.9,30.2,86,90,2.24
360,ro,maguri-racatau,46.633333,23.133333,,,,
361,ro,manoleasa,47.983333,27.066667,23,79,20,17.22
362,ro,mihaileni,47.966667,26.15,26.6,79,20,17.22
363,ro,pancesti,46.333333,27.083333,28.4,86,90,5.82
364,ro,partestii de jos,47.633333,25.966667,23,79,20,17.22
365,ro,poieni,46.916667,22.9,28.4,86,90,5.82
366,ro,polovragi,45.183333,23.8,28.27,86,92,2.93
367,ro,pui,45.516667,23.1,26.83,94,88,3.15
368,ro,samarinesti,44.75,23.05,29.89,87,92,2.48
369,ro,seleus,46.383333,21.716667,32,94,75,10.29
370,ro,semlac,46.116667,20.933333,32,93,75,10.29
371,ro,somes-odorhei,47.316667,23.266667,28.4,92,75,3.36
372,ro,stelnica,44.416667,27.883333,30.2,92,90,10.29
373,ro,suseni,44.716667,24.95,23.23,82,20,1.7
374,ro,toporu,44.010556,25.652778,23,100,90,10.29
375,ro,vatra moldovitei,47.65,25.566667,23,79,20,17.22
376,ro,voinesti,46.566667,27.416667,28.4,74,75,8.05
377,ro,vorniceni,47.983333,26.666667,26.6,79,20,17.22
378,rs,banatsko novo selo,44.989722,20.783611,30.2,92,75,5.82
379,rs,beocin,45.198333,19.7225,30.2,92,75,5.82
380,rs,lebane,42.923889,21.7375,32,96,90,14.99
381,rs,loznica,44.534167,19.224167,28.4,100,90,4.7
382,rs,subotica,46.1,19.666667,30.2,74,90,9.17
383,rs,vrcin,44.668611,20.594167,30.2,100,75,8.05
384,ru,agirish,61.924722,63.023056,21.43,77,88,5.17
385,ru,alekseyevka,52.584,51.28,10.4,78,20,4.47
386,ru,babushkin,51.712222,105.864722,30.79,67,0,2.71
387,ru,bereslavka,48.62541,44.044914,26.6,100,90,17.9
388,ru,dugulubgey,43.6625,43.536944,50,93,90,4.47
389,ru,egvekinot,66.316667,-179.166667,-3.23,73,68,2.15
390,ru,gavrilov-yam,57.301852,39.853313,21.43,94,88,4.94
391,ru,kadyy,57.787037,43.190288,18.01,95,64,4.38
392,ru,kasumkent,41.677248,48.146009,48.43,66,8,2.71
393,ru,kodino,63.719756,39.644651,-1.97,59,0,2.71
394,ru,komarichi,52.4151,34.7905,13.87,89,88,4.72
395,ru,krasnovka,48.817686,40.092261,35.02,97,92,13.67
396,ru,kulebaki,55.413333,42.5325,16.39,76,88,3.38
397,ru,kuli,42.018451,47.243422,32.14,50,0,7.07
398,ru,kuybyshevskiy zaton,55.1593,49.1701,10.4,60,0,8.95
399,ru,kuznetsk,53.11675,46.600368,17.11,87,92,6.85
400,ru,kyzyl-oktyabr,43.825701,41.786047,,,,
401,ru,letnyaya stavka,45.430556,43.447222,51.04,78,36,23.29
402,ru,lyamino,58.2839,57.725,13.24,87,68,11.77
403,ru,malino,55.111952,38.173843,28.4,58,40,6.71
404,ru,nizhniy ingash,56.2003,96.5373,29.98,74,56,5.61
405,ru,novaya ladoga,60.102457,32.30191,16.03,78,80,8.75
406,ru,novki,56.363864,41.086548,18.19,80,88,3.27
407,ru,novotalitsy,57.009373,40.850897,,,,
408,ru,otradnoye,59.7775,30.818056,15.8,78,75,8.95
409,ru,paranga,56.703889,49.404722,18.73,92,76,5.39
410,ru,porechye-rybnoye,57.098053,39.383536,20.62,84,76,3.04
411,ru,saint petersburg,59.894444,30.264167,15.8,78,75,8.95
412,ru,skopin,53.824856,39.550528,16.21,87,92,6.85
413,ru,solginskiy,61.05,41.342778,-1.07,67,0,3.27
414,ru,takhtamygda,54.1,123.566667,44.56,52,0,3.38
415,ru,temizhbekskaya,45.445556,40.845,45.55,76,76,26.19
416,ru,temryuk,45.270547,37.387161,42.8,75,40,15.66
417,ru,troitskoye,55.3,38.533333,36.01,98,92,5.39
418,ru,uspenskoye,44.8311,41.3927,48.2,66,0,31.32
419,ru,verkhniy uslon,55.7701,48.9823,10.4,60,0,8.95
420,ru,verkhoturye,58.862706,60.805363,21.34,66,0,8.97
421,ru,vetluzhskiy,58.390162,45.465425,17.47,78,8,3.6
422,ru,zaymishche,52.7264,32.2334,17.74,95,88,6.96
423,rw,kigali,-1.9536111,30.0605556,66.2,88,75,2.24
424,se,sala,59.916667,16.6,24.8,73,36,6.93
425,se,vetlanda,57.433333,15.066667,19.4,79,0,5.82
426,se,visby,57.633333,18.3,28.4,68,0,10.29
427,si,radovljica,46.3444444,14.1744444,28.4,86,90,4.7
428,si,velenje,46.3591667,15.1102778,35.6,76,0,11.41
429,sk,cadca,49.4333333,18.7833333,28.4,85,90,2.24
430,sk,hrinova,48.5833333,19.5333333,24.8,73,20,2.24
431,sk,levice,48.2166667,18.6,24.8,73,20,2.24
432,sl,bomi,7.2461111,-11.5258333,76.33,94,100,2.93
433,th,non sang,16.868696,102.566422,86,57,75,6.93
434,th,non sung,15.180139,102.256945,84.2,62,75,9.17
435,th,phayakkhaphum phisai,15.516306,103.193667,78.8,69,75,9.17
436,tr,bismil,37.848611,40.665833,60.8,55,0,11.41
437,tr,bozuyuk,39.907778,30.036667,42.8,67,0,4.7
438,tr,islahiye,37.025,36.630556,59,62,0,12.75
439,tr,karacabey,40.215251,28.403778,53.74,78,0,9.98
440,tr,tokat,40.313889,36.554444,51.8,81,0,2.24
441,tz,tanga,-5.0666667,39.1,80.11,82,32,8.08
442,ua,hlukhiv,51.678221,33.916204,15.49,89,88,4.5
443,ua,kosmach,48.329906,24.820519,23,79,0,8.95
444,ua,novyy svit,45.477545,36.297373,29.98,99,76,16.8
445,ua,shyroke,47.69173,33.257145,32.23,98,56,17.81
446,ua,smila,49.22242,31.887138,22.33,83,76,14.45
447,ua,sobolivka,49.336044,28.650964,22.15,91,80,14.45
448,ua,subottsi,48.655452,32.520929,21.88,92,68,14.79
449,ua,vylkove,45.40214,29.585946,23.86,79,32,4.27
450,ug,kiboga,0.9161111,31.7741667,65.35,100,68,5.28
451,us,daphne,30.6033333,-87.9036111,53.6,66,1,8.05
452,us,prichard,30.7386111,-88.0788889,53.6,81,1,3.36
453,us,forrest city,35.0080556,-90.7897222,44.6,81,68,4.7
454,us,cerritos,33.8583333,-118.0638889,64.4,45,90,3.36
455,us,soledad,36.4247222,-121.3252778,55.4,81,90,21.92
456,us,tehachapi,35.1322222,-118.4480556,55.4,100,75,8.05
457,us,fairfield,41.1411111,-73.2641667,53.6,100,90,6.93
458,us,auburndale,28.065,-81.7888889,64.4,77,1,11.41
459,us,jacksonville,30.3319444,-81.6558333,60.8,59,1,9.17
460,us,kings point,26.445,-80.14,39.2,38,90,16.11
461,us,douglas,31.5086111,-82.85,57.2,66,75,11.41
462,us,aiea,21.3822222,-157.9336111,73.4,69,75,10.29
463,us,bluffton,40.7386111,-85.1716667,30.2,68,90,18.34
464,us,elizabethtown,37.6938889,-85.8591667,35.6,51,40,16.11
465,us,crofton,39.0016667,-76.6877778,33.8,92,90,11.41
466,us,salisbury,38.3605556,-75.5997222,39.2,93,90,13.87
467,us,big rapids,43.6980556,-85.4836111,26.6,57,1,5.82
468,us,eastpointe,42.4683333,-82.9555556,32,63,1,5.82
469,us,corinth,34.9341667,-88.5222222,55.4,46,1,2.71
470,us,webb city,37.1463889,-94.4627778,39.2,86,1,3.36
471,us,plaistow,42.8363889,-71.0952778,33.8,74,1,5.82
472,us,fort lee,40.8508333,-73.9705556,39.2,38,90,16.11
473,us,phillipsburg,40.6936111,-75.1905556,30.2,100,1,5.82
474,us,arlington,41.6958333,-73.8972222,55.4,80,1,2.71
475,us,north lindenhurst,40.7141667,-73.3819444,39.2,40,90,13.87
476,us,port chester,41.0016667,-73.6661111,39.2,38,90,16.11
477,us,elyria,41.3683333,-82.1077778,33.8,92,90,11.41
478,us,canby,45.2630556,-122.6913889,46.4,52,20,2.15
479,us,east stroudsburg,40.9994444,-75.1816667,37.4,40,90,16.11
480,us,beeville,28.4005556,-97.7480556,55.4,58,1,5.82
481,us,converse,29.5177778,-98.3158333,44.6,93,1,5.73
482,us,frisco,33.1505556,-96.8233333,55.4,46,1,2.93
483,us,haltom city,32.7994444,-97.2688889,55.4,80,1,2.71
484,us,kilgore,32.3861111,-94.8755556,51.8,93,1,6.62
485,us,rockwall,32.9311111,-96.4594444,55.4,53,1,2.93
486,us,williston,44.4375,-73.0686111,26.6,92,20,7.52
487,us,mount vernon,48.4213889,-122.3327778,33.8,92,90,11.32
488,us,richland,46.2858333,-119.2833333,39.2,80,1,4.7
489,us,charleston,38.3497222,-81.6327778,39.2,100,90,10.29
490,us,manitowoc,44.0886111,-87.6575,28.4,58,1,10.29
491,us,menomonie,44.8755556,-91.9191667,26.6,68,1,3.36
492,us,wauwatosa,43.0494444,-88.0075,32,68,75,10.29
493,uz,urtaaul,41.1866667,69.1452778,,,,
494,vc,kingstown,13.1333333,-61.2166667,79.57,91,44,16.02
495,ve,la victoria,10.2333333,-67.3333333,71.6,94,20,3.36
496,ve,punta cardon,11.6580556,-70.215,75.16,66,8,17.92
497,ws,satapuala,-13.8333333,-171.9666667,82.4,74,75,8.05
498,za,brakpan,-26.236561,28.369378,71.6,77,12,4.83
499,za,brits,-25.634731,27.780224,73.4,88,0,5.82